img_name,label,subset
O1CN01bKfRzI2CSgXL3mva7_!!3159468473,1,A
O1CN016urKJ41s8Gtc2Q2aO_!!0-item_pic,1,A
O1CN01NSAqb11FHdzVXBXZG_!!3366070462,0,A
O1CN01Kk0rDJ2KbPGYstoCX_!!2512339575,1,A
O1CN01btpPAJ1qRqdGBjZpR_!!2176555493,1,A
O1CN01AI9qDl1JsWEhHjCcq_!!48941084,0,A
O1CN01ROqznd1U3e8sTOpGR_!!2217762402462,0,A
O1CN01xM6GIO1HeCg3pVI06_!!2206489020782,1,A
O1CN01MZzpPa1mPJvxu7meX_!!2218636794946,0,A
O1CN011DDIPF29CFnDrAPGK_!!0-item_pic,1,A
O1CN01oO62t02AVJwT9x7rP_!!2215663528208,1,A
O1CN01SA50Y31ZMUG5WTkkM_!!63293180,0,A
O1CN01RCIG0w1wJV6AO0qMt_!!3991076287,1,A
O1CN01TPx3YU2BhW3fYEjoe_!!2213257278370,1,A
O1CN016XAbyn1DesnDGskBW_!!0-item_pic,0,A
O1CN01OW7HsS1yLS1btbq5x_!!779536562,1,A
O1CN01YIljhd1Nyi9E7WvgW_!!11391639,0,A
O1CN01daitmo1tMIXODz14Y_!!782345887,0,A
O1CN01LcSqNj2Fgpxi9dxgv_!!1012918910,1,A
O1CN010mfoXP2Cgt7l8l7cg_!!3012858504,1,A
O1CN01Aicpcm1g0gndD2ryo_!!2208221664080,1,A
O1CN01THnQca1JVA6y50yar_!!2975871033,1,A
O1CN01pM0wgJ1MnQmKV1qkj_!!2542141479,1,A
O1CN01wAcxhi2E97AoS1VDN_!!2218126508701,1,A
O1CN01HeAdEm1MYJfeIR5kv_!!2907301446,1,A
O1CN01Wm8MWw1UMQNKSx0zM_!!2176442503,1,A
O1CN01NO9ChX1F6C1AKCHyH_!!2213046850437,0,A
O1CN01WqySzo23cv7YYag3K_!!787117277,1,A
O1CN01fsY6jT2KKup45v3Im_!!921469539,0,A
O1CN01VZWF8d1SkZswciB8T_!!896252285,0,A
O1CN01LvnhQf1yhtPyrSZR6_!!1783386611,1,A
O1CN01frVlYJ1dJyfUN0jZc_!!158783716,0,A
O1CN01pxxz6V24dfRto61Bo_!!48417414,1,A
O1CN01erdQ3m2ESLqeUc0zU_!!738508743,1,A
O1CN011RUVQr23ekkR3cIIp_!!2212494537281,0,A
O1CN01BDNw6u2LLCwOtHJUN_!!1860339675,1,A
O1CN01QKr5Pd1bJP5nFCccv_!!2219447513444,0,A
O1CN01Ps7gCK1mFheo4k8pR_!!2649964925,1,A
O1CN01y7RVa11Qxk1x6ZHl5_!!25771902043,0,A
O1CN01qt8aFN1kfEU704EjW_!!4611686018427385046-0-item_pic,0,A
O1CN01Dxmt0r1ShNCjlu3Eb_!!2217083372278,0,A
O1CN01nVPOhy1Ulbyfq3YdE_!!806492558,1,A
O1CN01tvpYuc1CCCEpyBa6E_!!3086860044,0,A
O1CN01AulGXa1vtqvoLxEzw_!!719176231,1,A
O1CN01vK2RaA1UOFxOApZ4O_!!726992507,0,A
O1CN01mNLmQw1lSh6pfk1CY_!!2206693614818,1,A
O1CN01zDPPq623kFXLUGBQZ_!!1984117293,1,A
O1CN01jrUgPl1vm47d4z906_!!1062386214,0,A
O1CN01jVYsdM22aLCsA9Tlc_!!1035077136,1,A
O1CN01PmAJbO1bevbpQaMt1_!!204573491,0,A
O1CN01jvuO3C1EdnZDHbaTj_!!4611686018427380407-0-item_pic,0,A
O1CN01uTrprR26W02cr0HcY_!!2493107668,0,A
O1CN01bXhhfO1c52D5nalDR_!!2254823548,0,A
O1CN01W7I0ML1IQIJlGvd0M_!!2215553650887,0,A
O1CN01aEmXgs1qyp6IVYhEK_!!0-item_pic,0,A
O1CN01fjMvpA1Lqo7SABGPf_!!2218675771351,1,A
O1CN01DoHqbt1UXPpPGAWSr_!!1053392527,1,A
O1CN017UwxhB26IGAo46YTK_!!2206931027638,0,A
O1CN01CJTujz2ALFCqTQhM5_!!4611686018427382010-0-item_pic,0,A
O1CN01bS4GXX1gGGQ451Ovi_!!4029474114,0,A
O1CN01MS2Uaw1Kk6aYX8TIb_!!2011011201,0,A
O1CN01WlqlWK1MdM1jEuLKK_!!1621971457,1,A
O1CN01u7SDIn1QFJmtsntZW_!!2217243641946,1,A
O1CN01v4XYlF1xbBsBYCano_!!1889886461,1,A
O1CN01QuqIh120X1Fq62ZTN_!!2216096858,1,A
O1CN018T85Nf1ItbhIQSJO7_!!867080951,1,A
O1CN01RdXNoh2D1UwAAiEMe_!!2909048549,0,A
O1CN01LWbOVy1Fu7GKJvjOh_!!2213947150546,0,A
O1CN01HT6Pv01aVwFIw63Iq_!!0-item_pic,0,A
O1CN017lFJ3e2LY21NGNE1A_!!3937219703-0-C2M,0,A
O1CN01xvGwgS1KOa61uI8lp_!!2206507581154,1,A
O1CN01MLaVsA1U8gU1WazAH_!!4256322473,0,A
O1CN01C47umj1kfgsjpTz0T_!!2213959604711,1,A
O1CN01QMbFgY1DLeEvyWFmE_!!729860200,0,A
O1CN01Fa1mAs1nfBJ9aug5s_!!3563645116,1,A
O1CN01CN7gs925aI57Nau5R_!!75357542,1,A
O1CN01yEUEne1cbYNM95ZSR_!!2200645413619,1,A
O1CN01DaryHL1pmcsxNGOuF_!!866795403,0,A
O1CN01kGgA2u1dl014Kzyql_!!1924503775,0,A
O1CN01UeFGmx1UcuYAzaVzt_!!70272539,0,A
O1CN01iALrLH1V0j9Ws8kC4_!!0-item_pic,0,A
O1CN01TatdFa1SKvqRvbf67_!!2216525282229,0,A
O1CN01qu2FwD1mQh4ofcH9C_!!705934949,0,A
O1CN01AlFf6G1VWmohhysKx_!!2211043032661,1,A
O1CN01bpbTVE1kqDooJOt2A_!!2776464734,0,A
O1CN01GMzC5g1ERQnU0WZnC_!!2215784610348,0,A
O1CN01nWkNuL2CcJCJwyGc1_!!2736428494,0,A
O1CN01y00JiX1elkQDQsPX1_!!1602943912,0,A
O1CN01B9rjld1s1Ow1nP6Ec_!!452325706,1,A
O1CN01s6Eahf2HkA4NafN6D_!!2218683689188,0,A
O1CN01Ik8JX51VQpjq6poXj_!!1067412648,0,A
O1CN01h5fqLi23bXybaCDl4_!!2218627207274,0,A
O1CN01IDTeNY1vBslC1aouK_!!602686135,1,A
O1CN016yEL5L1xSwsQVuTQp_!!2200727846443,1,A
O1CN018Aq2r21p4exfEcDNn_!!200215307,0,A
O1CN015PmOAh1b0APGEDnMC_!!210913402,1,A
O1CN01OYOEFy1lVRbgOCBpf_!!3866044824,1,A
O1CN012M8zqr1mxD7ufukZE_!!2201298675020,1,A
O1CN014uJVDV1P6macdMZja_!!491821792,1,A
O1CN01RWMYub1YgM4oxk9At_!!2218647783088,1,A
O1CN01ZytxOZ1mxD5oHfatK_!!0-item_pic,0,B
O1CN01CfBpeH1JDIhHNlll7_!!2200575550994,1,B
O1CN01f61S4J2399LOXoSg2_!!2212159747212,0,B
O1CN01Fycfb92JF8Ulqg3W6_!!2213215769391,1,B
O1CN01sFT5rh1PuFWKiTnny_!!2214665961900,0,B
O1CN01JN6OuA1Kl1SgWlHEP_!!2209046391203,0,B
O1CN015wD09z1LfoO5IrFjT_!!2210461401327,0,B
O1CN01Oy5aNH1O6UsivADxc_!!308931656,0,B
O1CN01eqnNRv27wOVyMUO7n_!!2201401337861,1,B
O1CN01FBzfpV1Xb1pv18k0h_!!2935962941,0,B
O1CN012q2iUT1S9TnXI0mj6_!!914652204,0,B
O1CN017lH1xr1GG6GdaN1Os_!!1708210594,0,B
O1CN01pn53V32L7T4jEUQJG_!!3357549645,1,B
O1CN01vtBBxu1uDswfm7jvy_!!3326756004,0,B
O1CN01Bei8rj1q9Wm6gFkrp_!!2217551085453,0,B
O1CN01GHNpoL1EBP0fbOxBr_!!113240313,1,B
O1CN01B5F4KD1u4Gbq0o6Dy_!!0-item_pic,0,B
O1CN01CQuzv22H6m1ws2kua_!!2219476909102,1,B
O1CN01f3oI7I1IEO348aQk3_!!2216204590861,1,B
O1CN01PAGYVT2Gc5MLcKS5f_!!2038799035,0,B
O1CN01yz7wNr1gaPplx7imv_!!2595144158,0,B
O1CN01nh9F8I2LXZNKkl7RP_!!2763329702,0,B
O1CN017AY79t1x6xsGWLZOB_!!2218799196395,1,B
O1CN01QXsSXI251wSzSop36_!!707467,1,B
O1CN01ybfPzG1jUroFc1mfD_!!2200778594552,1,B
O1CN01cRJbLe1iw3pYXTLs1_!!163284476,1,B
O1CN01B0G9wX2ESLqb3WAUd_!!738508743,1,B
O1CN01ETUECG1O2pk6KkUG3_!!1103841648,0,B
O1CN01RUJrdR1U1oX7rEwIq_!!1081432458,0,B
O1CN01lHZYKU1bXbDwG765b_!!444273475,0,B
O1CN01ahydhc1vUCfS9AmJc_!!1629416175,1,B
O1CN017ZsSpT1MZgv5rkllu_!!2217919721449,1,B
O1CN016MOEEv2AQHZ8M3zrD_!!102068197,0,B
O1CN01UPYFwG2LY1wsvJ0IP_!!3937219703-0-C2M,1,B
O1CN01rpYBFj2Fgpx79J5GY_!!1012918910,1,B
O1CN01pNZn7u21QR8TmqyEY_!!2213144776979,0,B
O1CN01rD7wlG20NrJHUUVmJ_!!2215629696838,1,B
O1CN01fhW9oD1FkxMhv9C5B_!!2218755830526,1,B
O1CN014NlQnQ1we6sMdibSL_!!866016332,1,B
O1CN01nlOhfk2MgZ3J9dX9F_!!2033629857,1,B
O1CN01jU6CM01cbYOA1IFko_!!2200645413619,1,B
O1CN0170Bg4b26ehR3Oildl_!!735337687,1,B
O1CN0190Bsct1LN2Nuwp0a2_!!2215855051286,1,B
O1CN01NQlgOf1yHmlAqbseD_!!3400556554,0,B
O1CN01cJ5lXw2EaawmsOEfi_!!4611686018427387289-0-item_pic,0,B
O1CN01AhW3In27RFaIIMnpx_!!2216230017793,1,B
O1CN01No8Vva1YHADGSWaXN_!!2864593033,0,B
O1CN01QDrYp32A7VLtuLzIQ_!!2563758156,1,B
O1CN01bOkQlP2Az5fe4AULJ_!!856668273,0,B
O1CN01GnMEDD1lpb0fDS3qc_!!150084868,0,B
O1CN01W1Zn6A1Y23DBS7IA1_!!2218890663000,0,B
O1CN0183cDxP1be0sehBsql_!!2218051483489,1,B
O1CN01tQodGZ1MkgNOngcQQ_!!0-item_pic,0,B
O1CN01WHRF3f1UJfv8S7y7Q_!!3416372497,0,B
O1CN01OY2VjT1JcURnf8ZMk_!!352841049,0,B
O1CN01UPghJu1UbXLwZMJtu_!!2216486402536,0,B
O1CN017LzyN31HV2dSAYfje_!!2209338990762,0,B
O1CN01iQYAvY2EPbETw2pKU_!!793128737,0,B
O1CN01CI2qzL23IJE205YKM_!!199537232,0,B
O1CN01ZXttyA1h2LmoJyfoJ_!!2862444219,1,B
O1CN01xPEBXY1gQnVy7gaIM_!!3295444137,0,B
O1CN01Pf16IJ1oAmXvEDLJ0_!!2217116875185,0,B
O1CN0172mKxj1UtrI9wgg0q_!!4611686018427382672-0-item_pic,0,B
O1CN01TmGXxZ24UVSTBSlO0_!!2214134417394,0,B
O1CN01bMg1oT1kXRljWJsnW_!!4066234693-0-tmg_sticker,0,B
O1CN01qrpoqM1s6RIcrdt3Z_!!761785717,1,B
O1CN01OUEhq02JpJmLjbkQR_!!727009470,1,B
O1CN01LPh7jB1WM5H1AvuZU_!!670622773,1,B
O1CN01gX38Si1JNpqD6uTuK_!!2453941017,1,B
O1CN01YurGh51kXRlOI9xuI_!!4066234693-0-tmg_sticker,0,B
O1CN015WGkZW1O8mptgtXMa_!!2079271661,0,B
O1CN0160J5Q01nFWxh1eth3_!!3857985060,0,B
O1CN01UeO4OM1IQIGfrz5vc_!!2215553650887,0,B
O1CN01JExxZY1GkKOfd8Aq7_!!2218349060660,0,B
O1CN01dwEtse2L2t12vHQOt_!!2306379635,0,B
O1CN01cPGwrg1lpaddUATxz_!!752124868,1,B
O1CN01KYeoCE2Bsxx5ltOah_!!2201313318395,1,B
O1CN01G39mXv24mpFwVXgsI_!!3424177434,0,B
O1CN01ckeNrA1kQ7RSFQAuP_!!2091674677,1,B
O1CN01iyDGm72E1mogDcDDd_!!676228685,1,B
O1CN01kLg8x01N82c2HkVs9_!!2654501524,1,B
O1CN01kggRzl23vhBpjvyFC_!!2917457318,0,B
O1CN01D9oP092Fgpv7c5TFK_!!1012918910,1,B
O1CN01ZIFisu1Pm0L03YcYj_!!2200717121882,1,B
O1CN01DBWylb1SGLlDOOgXg_!!3249312219,1,B
O1CN01qZzqv820YqpeD7WeE_!!2217761516862,0,B
O1CN013HpBsp1ttjSJnVGM4_!!1061835960,1,B
O1CN01hr7Sc222Y3M5ZYuBw_!!1755067131,0,B
O1CN018ktqYg1ctPqUJXu9G_!!904743658,1,B
O1CN01htv9uB1yr3IfYSYmC_!!1821666631,1,B
O1CN01VCedoH1XSmk9KXtPN_!!1813172923,1,B
O1CN01hioDRU22JOUzY9RF0_!!3077977099,1,B
O1CN014uP7961VrrByZhoRe_!!908572707,1,B
O1CN01NisVQP1iCGBXGE9km_!!657534376,0,B
O1CN01thVwTe22C4JwgYOE7_!!2215574167083,0,B
O1CN01XRi78I1BtsROkT7E7_!!2474330004,0,B
O1CN01m9KoSI23yRkrxfrkE_!!1724327324,0,B
O1CN014pLpqn2H8bXpK4GWb_!!2207370049106,0,B
O1CN01B1GKQ91GreWbDjtS0_!!296510676,0,B
O1CN01j8wif31XWuDRFXEDx_!!1701482932,0,B
O1CN01lBx69d1FgpkvtctA5_!!911810517,0,B
O1CN01m7yJe51acLnC4zYfI_!!2495473350,0,B
O1CN01m5jtfN21cnsYQr4qK_!!2214534427006,1,B
O1CN01DiAh5G1IQIK5eFOrE_!!2217641560887,0,B
O1CN01TBEvfM1SsMkxNV3w6_!!3328912302,0,B
O1CN01PZnntD1XOChvSylw2_!!2-item_pic,0,B
O1CN01pARMsD1OiyAa10ooe_!!3068391740,0,B
O1CN01p2y7fI1HRNfP6S9vp_!!1791150754,1,B
O1CN01xz7cBQ1iRpebfHM5Z_!!2206570014410,0,B
O1CN01vBXOdZ28MV3mXHR1C_!!2077037918,0,B
O1CN01LSedIV1p4CZGCM0dO_!!2217737365306,1,B
O1CN01JpHqkL2NOzE0w9ET7_!!1741989954,1,B
O1CN01l8entA1k6snzd4W8c_!!2200575794635,1,B
O1CN01oVzIqR1Dfnfvv2u6x_!!2216436570244,1,B
O1CN01UkSxj51Qcfw0T7Htc_!!2836701997,1,B
O1CN01LfjO2G1kRwzYVwpFx_!!4611686018427387881-0-item_pic,0,B
O1CN01fNwv632GUIfRfnZXG_!!3645819018,0,B
O1CN01VHTdHW1C1fJv8jkbe_!!2216722070021,1,B
O1CN01q8WisI1a409biiNvj_!!618453275,1,B
O1CN01OszWm81lHFHmhtuNT_!!223744793,0,B
O1CN01FGv2ZH1hNsSLzmILK_!!675814266,1,B
O1CN01WCLKvI1SMJ0RoYz7b_!!2962882232,1,B
O1CN01Tehmfw1P37a2tHvty_!!1619611784,0,B
O1CN01O5HxS61Yftdn4leLq_!!2207356383087,1,B
O1CN01nlImXF1JuoMGpnXeG_!!2210305241089,1,B
O1CN01tASQcE23cvBXZM80y_!!115077277,0,B
O1CN01IKGmH81UZFTTsmMEc_!!3878302531,0,B
O1CN01hgg0AI29bRb1Yi8x2_!!397878086,0,B
O1CN01n5RZN81YbJhzRVf23_!!1689643077,0,B
O1CN013iMJmO1YWHMkvlnKq_!!2196313066,1,B
O1CN015VI47N1Y8v8fzoTK8_!!1985363015,1,B
O1CN01nso6gI1gu6rk6xzeu_!!2206411524201,1,B
O1CN01in2H2322cAtUBYLk5_!!1735577140,1,B
O1CN011mOqth1eLBNTNcd3H_!!663893854,0,B
O1CN01RuUcnR1xNS69fQLHZ_!!3382226431,0,B
O1CN01obsZjK1FpXEvOf705_!!2089260536,0,B
O1CN01LzM5mG1hwgkF37H36_!!2214153724342,1,B
O1CN01g3wb6k23Q67jCZ6IR_!!2325357249,1,B
O1CN01NABqp31sYpuCDcCzj_!!2218090375779,1,B
O1CN012lt0Q62Dc8gip06cY_!!2209231568629,1,B
O1CN01x4Lh2W2Brao2IkvJC_!!2211738392,0,B
O1CN01Rckh7D1kBv9nvkMB5_!!2392824646,0,B
O1CN012AoVRF1CykPQyam5o_!!0-item_pic,1,B
O1CN01RIqqGi1MMPKWF3JwG_!!1035301420,1,B
O1CN01Qaa1Ux2GJJEmfSAgw_!!2214403788994,0,B
O1CN01QkNZ0V1Zx8BuHkXsx_!!2204102843260,1,B
O1CN01ZP2GRX2C8WyId3M6W_!!0-item_pic,0,B
O1CN01HwnIHk280ySTWNqb1_!!2214517577871,0,B
O1CN01cR2lYb1gcFT45B4xg_!!1669714162,1,B
O1CN01r6TS982KSFRpqzmId_!!2216422759555,1,B
O1CN01CO9Zti1hy3vpfthHC_!!2207300454345,1,B
O1CN017bxaGD1IAilwi668e_!!3441700853,0,B
O1CN01qg5Vab1cRTYYFWXwZ_!!828433597,0,B
O1CN01n0SerS28hZFb9zQUs_!!3471167964,1,B
O1CN01lxI6it21k82c9SmNd_!!0-item_pic,1,B
O1CN01rDYMyU1wAnZsqJ1eP_!!2213949926268,1,B
O1CN01eh4Usw1mwIVAmVZeG_!!2202385615018,1,B
O1CN01GPIFDo1vhUBSAoZaG_!!4046246204,0,B
O1CN01fKaJIY2C0kjjREQJ7_!!2830118412,0,B
TB296mjhiqAXuNjy1XdXXaYcVXa_!!412879833,0,B
O1CN01seLm2v1CBHcFNfAjh_!!283340042,1,B
O1CN01Y3sMOH229JweCbvGw_!!2211150327077,1,B
O1CN01Tgu6wj1be0WVfS7Uv_!!3483353489,1,B
O1CN01X6iq0W1NigGacgUcw_!!2217602401604,1,B
O1CN01kkIqTn24thHqaee3U_!!3081587449,0,B
O1CN019yEaYu1P7F98luwiB_!!2216742091793,1,B
O1CN01lT3fJo1oXE0Rs8RkE_!!2082075234,1,B
O1CN01ldefMw1ZGzlv6osFq_!!2216983213168,1,B
O1CN01qJoOKv1K85pzoQVTs_!!2218383001118,1,B
O1CN01ZWwIlR1Zn3Gtcnapn_!!1639323238,1,B
O1CN011QaazK2C9uaW0K3s6_!!748048432,0,B
O1CN0198j7KG1K1Du4jTmXt_!!3881381103,1,B
O1CN01W09E6Z1NSC4cPa3yN_!!4611686018427383648-0-item_pic,1,B
O1CN01FQ6wX61Lu0pWYMX9N_!!2208474691358,0,B
O1CN01StNBIw1EjkgXyvOPa_!!526210388,0,B
O1CN016fIXqF22LggiUilOn_!!2215182017104,0,B
O1CN01F2Yq1W1zXeAxNArxt_!!2219158366724,0,B
O1CN01rLg6b91qg2ueYIyca_!!446295524,1,B
O1CN018YFZn92DpQ4wq1XHy_!!2837598658,0,B
O1CN01mTeR5Z26pEc4KrsOl_!!2215533867710,0,B
O1CN01jZRcw61zz7vHb8uXK_!!21006784,1,B
O1CN01BQIhlz1SbQ5t7NEUB_!!67722265,0,B
O1CN01lK9hxW2HzH0i2VyhY_!!3409379221,1,B
O1CN01wvf5Eq2H7EE6vOJdN_!!2828799103,0,B
O1CN01oRs7D72DKH3Iz3m7y_!!1950008590,1,B
O1CN01bKLOWj2ESLqVAWk5r_!!3318948743,1,B
O1CN01uYk3DG1zrnTOopXLs_!!2214184316768,1,B
O1CN01ID8mIg26EaxC4MLMj_!!3703997630,0,B
O1CN01kFjh6F1KlTnvZIjWI_!!2852651204,0,B
O1CN01u97Y4N1S4tzTCAbHf_!!382192194,1,B
O1CN01JxQmCP1JcUGzA65Sk_!!352841049,0,B
O1CN01ugrLNR1p4CZ95t7pj_!!2217737365306,1,B
O1CN01RR1dZx1eYSy3Jngpp_!!45023883,1,B
O1CN01z2twoT1K7ArqHxr1W_!!2811491116,0,B
O1CN01jaia8d1pVDZ9FP34j_!!272785365,0,B
O1CN01p9XyaG1xrDt4LTarl_!!2210684496496,1,B
O1CN01CbwR8j1ZoQg38R39E_!!2171123241,1,B
O1CN01EupZuA1FGjBGwykji_!!734400460,1,B
O1CN01ZU6ir72EUBNhaTvkW_!!2206448238747,1,B
O1CN01lfWVc91fHLlf9Znx4_!!76273981,0,B
O1CN01FWQHqg1foKHNSeENs_!!2212998364053,0,B
O1CN019Zjoj323Xsl4vlvGi_!!110747266,1,B
O1CN01t6zRd51ag0uice1bY_!!2207327543358,0,B
O1CN01qPl69U21EWrSguvI8_!!2993466953,0,B
O1CN01339ILt1CNByWfB0mW_!!2210688460068,1,B
O1CN01ZYjXRT1KBIUknqlUG_!!2207927471125,1,B
O1CN012SMmdT2By0K0X6mK5_!!0-item_pic,0,B
O1CN01sWVeNY1JM058z2ldP_!!3204521013,1,B
O1CN01jTOeSJ1yhtQdaVUCm_!!1783386611,1,B
O1CN01wj7SDi1uZPP6YKfRo_!!606051,0,B
O1CN01h65IUx1aGMnxb892H_!!777653302,0,B
O1CN01fvdnTb1QkShzTce4J_!!1084802014,1,B
O1CN01luvG9p1IH8BbW6Tsf_!!1641160867,0,B
O1CN01PfUjkv27Xf0N5vTAU_!!3159507807,1,B
O1CN01Tq1m3A24dfLpOBegP_!!48417414,1,B
O1CN01SJIIFW2H9WE5CXOw8_!!686399108,0,B
O1CN01GOei0S1tKvScPOTYh_!!2086745884,0,B
O1CN0155JMD22DUoJmWUOJE_!!2208994698613,1,B
O1CN01yWv1qU27O2oDVIfq8_!!1983917786,0,B
O1CN01ZnWKGp1Z037WJJmTL_!!138633131,0,B
O1CN01m59I231ZDmzvXt95X_!!3881543161,1,B
O1CN016R2guk1dwS5HS61ZL_!!460323800,1,B
O1CN01prQwDI1WYuJABLX54_!!1638542801,0,B
O1CN01P2Rc4a2IkRjJEvruX_!!1082459324,0,B
O1CN01dPqjck1soOyVeL2tz_!!670055813,0,B
O1CN01X4Ik9E1QGguL18tna_!!3083051949,0,B
O1CN01mI8HfV1nXqvaNi94I_!!52195100,1,B
O1CN01DdIPoy2II3OdwVGsS_!!1901129262,1,B
O1CN01HIl0EC1vlbmK23xzN_!!2201168176213-0-tmg_sticker,0,B
TB2bJekrKuSBuNjSsplXXbe8pXa_!!2007402347,1,B
O1CN01Sqm5rG1Vu98wLQppr_!!780752712,0,B
O1CN01aOoeCD29r12OqR1Bv_!!2217678838120,0,B
O1CN01D7nwPf2ASZUW0LRMG_!!2440078202,1,B
O1CN01zW88Pz1hfHciQBw8x_!!660924304,0,B
O1CN01eBtu4g1MK7NXehYAC_!!0-item_pic,0,B
O1CN01nlod1P1oKOrakewmY_!!2291665206,1,B
O1CN01snulD72F81nMzevxX_!!3029098834,1,B
O1CN01yp6gy41UtOqFb1weI_!!749662575,0,B
O1CN01Ms66J624uc2gAAnCi_!!2215819077451,1,B
O1CN01pzH5hA1yASSqca8lb_!!2210398036538,1,B
O1CN01n9wagj2Dz2PJt4YAp_!!349048679,1,B
O1CN01Nc28eZ1TmExXMftlo_!!2211566622424,0,B
O1CN014laGpH2K3W2gGe6W6_!!2215803689501,1,B
O1CN01WzQ7zQ1oOWQRC6I9x_!!2292185215,0,B
O1CN01hRVfOh1NXEKUwiJtK_!!1929221579,0,B
O1CN01nLuUh31e0ZcoQ31HA_!!4611686018427380145-0-item_pic,0,B
O1CN01rv2KdM1SQQc6vyqlg_!!2200584642241,0,B
O1CN01Dueat22FgptEj3qzB_!!1012918910,1,B
O1CN01ltYWyk1TtZ39FJD8W_!!2210104252440,0,B
O1CN01iQgpM71qwzUfrIpIo_!!44735561,0,B
O1CN01vMydwx2LgjaWJYNF9_!!647289722,1,B
O1CN019u7b1c267j27t0BRd_!!49447615,0,B
O1CN01dffl3H2GG6UAZE9rf_!!2210381508987,1,B
O1CN01WUJS932Greu7BuWv7_!!2207850319069,1,B
O1CN01SL1C0f1MYm6qaFyH2_!!2218674681447,1,B
O1CN01EXNDUW1kjoPWizTDQ_!!2503414720,1,B
O1CN011nDufd1X4ViYrKBdb_!!2204117432870,0,B
O1CN0143qo9a1kKAIKz5McJ_!!2206469344664,1,B
O1CN0137BKMG1Swwe8PeiEu_!!88262312,0,B
O1CN01eSJF141SNDpl3Xg9i_!!736612234,0,B
O1CN012gndSw2HiKUZoTb08_!!1594219184,0,B
O1CN01v1GHtm1dLoDOuYEI3_!!823673720,1,B
O1CN01CVAAIH1zMecDXopmO_!!0-item_pic,0,B
O1CN01ckZH6O2F81oiKIHBV_!!409808834,1,B
O1CN01oNwGNc1EOgPpw8RTw_!!2217929310342,0,B
TB2FHzwsm0mpuFjSZPiXXbssVXa_!!1770883668,1,B
O1CN01jvqHY61CucrC89fmn_!!2204237150141,0,B
O1CN014GHh2229ugGR52B8i_!!138388128,1,B
O1CN01ZL6Nh72AAi1zyczpr_!!0-item_pic,0,B
O1CN01q3SBnd2H8bZCFXoAY_!!0-item_pic,1,B
O1CN01716FRC1c5x1dSMJ4L_!!2052873550,0,B
O1CN01eijKMS1YLkAPis4em_!!2214226593043,0,B
O1CN01ZbGG8B1IOSlgMf62m_!!2212553120883,1,B
O1CN015uaE2V1Sa2qMfRCVa_!!2145702262,0,B
O1CN01T4i97I2CBHoKQ1wHy_!!0-item_pic,0,B
O1CN01fKGtOQ1hy3vmxz9zd_!!2207300454345,1,B
O1CN01rS3F3L1MUeVBiUaIP_!!2542521438,0,B
O1CN01jrDlRb20rAam1hye2_!!3203796902,0,B
O1CN01yCngLy1ZtvPCnvOGz_!!2213251143253,1,B
O1CN01qwJIcr1isr0rXQbpe_!!2207316234469,1,B
O1CN01dFX2rV23r7O4ZdugA_!!2214371887308,0,B
O1CN017DWmh11Ml8YaOgIL0_!!2372061474,1,B
O1CN01DKzysO1jt8mkw6P0A_!!139784605,0,B
O1CN01tzg6kH27LIQvPX7a1_!!2216688967780,1,B
O1CN01r1GhW81kNN2Cw7zDi_!!3989994671,1,B
O1CN01EezfJz1MIHrwyPlkH_!!929621411,0,B
O1CN01RjhuY11Oc6DaBNPNL_!!762711725,1,B
O1CN01gaJt5L1YvvSYQoM2l_!!1741863122,0,B
O1CN01btpszo1H5r3ej82WA_!!4058690707,1,B
O1CN016iNnid2LY1yd8r1s5_!!3937219703-0-C2M,0,B
O1CN01vXuI062JQaKHXydwn_!!2104479416,1,B
O1CN01eERqO72AIxDEdhmwY_!!2217894658181,0,B
O1CN01EvYOht25o1yWFqlRQ_!!1038077572,0,B
O1CN018JLySz21xPgi8sUnt_!!661557051,1,B
O1CN01gTmfau1JuoMJiNJbG_!!2210305241089,1,B
O1CN01s2vaml2JAYWcbExR5_!!2208262259381,0,B
O1CN01KNOYJB1Xa74Weawc8_!!2213961462939,1,B
O1CN01096vbp1Ea8MMnEsj6_!!2455080367,1,B
O1CN01xCJ7r41aGMhNgGOld_!!119603302,1,B
O1CN011pVOSd2FgpvA1LMJq_!!1012918910,1,B
O1CN016owkGd1sM0oLb8mSw_!!2212050525751,1,B
O1CN01TFSrds2LmgiOvFf0K_!!2216245479735,0,B
O1CN01UfkfzX1DG9LMV44oA_!!48400188,1,B
O1CN01v9PEjl1dTb8lDTJQh_!!2212519303737,1,B
O1CN01UXkwaA1k2lC3hms3V_!!669184626,1,B
O1CN015Ma9gP1EomyhQzYMk_!!2934850399,0,B
O1CN011L537r1EippPROU60_!!295710386,0,B
O1CN01gvUtND2JM0QFPnNyr_!!2522349406,0,B
O1CN01k6ieaT1qP69xnyy5s_!!126255487,0,B
O1CN01GFxlpa1K33PzfYQfu_!!501441107,0,B
O1CN01OV2HlB21HjdBlGqJ7_!!586136960,0,B
O1CN019uRsHb1pbdTkAPF8V_!!2218528955379,0,B
O1CN01Nl0D6P1M50Ol9R55b_!!2201509351382,1,B
O1CN01eRFuhT1i7g3kV8A5k_!!0-item_pic,1,B
O1CN01h3oC4k28mbcijSJI2_!!2217629457975,0,B
O1CN01odlr2o1cLWUgk69Eo_!!2150513584,0,B
O1CN01N3aun01OMz2DJE3yb_!!444711692,0,B
O1CN0188uH7t2FgNa5J6KYl_!!67518909,1,B
O1CN016YuxXk1RA6OmghqQF_!!900812070,1,B
O1CN0159KzOR1cUDyKz4EBq_!!322513603,0,B
O1CN01F4Mx3G2Fmn7oFDtbX_!!128218923,0,B
O1CN01R6P5Jq1e2rcmKRRfa_!!2209019013814,1,B
O1CN01CIOa6C1ToX420mN02_!!2132122429,1,B
O1CN01q58CyP1ZaEO77VzJV_!!2217710843210,0,B
O1CN0192qkaA1C3xIEAvs74_!!2211852260026,1,B
O1CN01rRXSdi1LHXd5OQg4w_!!1794891274,1,B
O1CN01NHdu4a1wFNPUSIjhw_!!2584766278,1,B
O1CN01QnvP0Q1U9bG2iSmDg_!!2900132475,0,B
O1CN012ax7Ow1Y8vAyOzAmJ_!!2211569083015,1,B
O1CN01TPGtsI1uB8Y3erjBp_!!180315998,0,B
O1CN01C5Wi0R1ixtOLxeMtr_!!2218841154480,0,B
O1CN014yLw9Y1kG2itkaLoV_!!2200807684655,1,B
O1CN01YzJMmq28du3yeKPCD_!!192707956,0,B
O1CN01B5wFKr1RafrwAdl0a_!!675002128,1,B
O1CN010tT6Xc1J9B2gbD7UH_!!422710985,1,B
O1CN01yL9lIl1sXv2We4aKE_!!0-item_pic,0,B
O1CN016tqrIE1sc2Zd9ZMOt_!!2707225786,0,B
O1CN01phT3Qc23xzL3AsqJk_!!55297323,1,B
O1CN01BkIyYl2ERQwMTpYZE_!!2210720888741,0,B
O1CN01RFHlXB1FtCUTxrJAp_!!2209281900544,1,B
O1CN01GA0clr1EXqP1J6i8O_!!1649870362,0,B
O1CN01Jz7KXo1G04JwmzZCM_!!0-item_pic,0,B
O1CN012D3rra1c3CcsVsQO9_!!2217635833544,0,B
O1CN01bj99ot1ZXwQReJOQj_!!2219227213205,1,B
O1CN01ZT05P91zKMQwogGyG_!!2975566695,1,B
O1CN01l15Fnf2DqKxDc8gcF_!!1904888660,1,B
O1CN014ugLBq1Zn3VFfOEGL_!!1639323238,1,B
O1CN01fxIsbs1UtrI7oujDK_!!4611686018427382672-0-item_pic,0,B
O1CN01MiWVU42Gh7pt5rRDj_!!265519046,0,B
O1CN01HwNvy01fEbPCNFJws_!!666513975,1,B
O1CN01WVzNtW1gu6sxnGzzf_!!2213202604201,0,B
O1CN01kfgtUB1SaxWmpIe1G_!!0-item_pic,0,B
O1CN01hCe7lJ1oN9J5GasKW_!!4611686018427381116-0-item_pic,0,B
O1CN01BtDUll1pd0XbRqXNQ_!!3345745382,1,B
O1CN01KU8Ffv2F8UGgb78VB_!!53458835,0,B
O1CN01JMUGyj1PtKlks75Lu_!!2216266291898,1,B
O1CN01wrBSEp1fW0OGfqJSi_!!78444013,1,B
O1CN01Msirgm2NMhRu2SKVH_!!2210749169949,1,B
O1CN01KkRgVX2Lc9d8eKTM3_!!2207690279712,1,B
O1CN01gHb6ZT2NgOQtiO3fA_!!3871259992,0,B
O1CN01XhHYag1CyHwofY4TS_!!0-item_pic,0,B
O1CN01ovCmPa1BviA3Qx8eT_!!2211609850008,0,B
O1CN01RwXfOL22uxAqgPCZk_!!4611686018427380381-0-item_pic,0,B
O1CN01ZsLZRH2E4Wwq1Umul_!!123638691,0,B
O1CN01kvCBa81eOqdMJpg6p_!!2217782013862,0,B
O1CN015UYgrL1qyp7MNLoCI_!!2207638835565,0,B
O1CN01iZXIbC25zwF0x3xOi_!!91937598,1,B
O1CN01pFQKsr1HKVcwmko0r_!!366790739,0,B
O1CN01Bi4jou27gow0RXVea_!!4078897827,1,B
O1CN01CnAa9S25UnJ7MPFZ5_!!2209867727530,1,B
O1CN019GyWw31L0assLCAkX_!!2213249071237,1,B
O1CN01IomOep1Y8v6dOKAoY_!!2211569083015,1,B
O1CN013yK4UE1WKi4hmBV9R_!!3866072770,1,B
O1CN019x3LD52M3AuuAm9NA_!!3042619771,1,B
O1CN01XSxY9n23DjNc2Nh7i_!!2215860277222-0-third_party_goods_pic,1,B
O1CN01Mdlqxv1Qkv79NrxwA_!!2208174202015,1,B
O1CN01D7tvrV1kXRlIFqcY6_!!4066234693-0-tmg_sticker,0,B
O1CN01uQEtbY2IJsz7vrjjy_!!73319266,1,B
O1CN01KL7FYU1nP9Oz1T7Rw_!!2200783335081,0,B
O1CN01f8xxpK1kW4Y7kaUep_!!0-item_pic,0,B
O1CN01gGxtvF1RJGY32nU6j_!!2957552090,1,B
O1CN01HQeyxO1lpb3wwSk72_!!150084868,0,B
O1CN016E55y71D7uD2f8B14_!!2654350170,0,B
O1CN01oj9y791XMNBR5Sawv_!!859192909,0,B
O1CN01iLZowx1D4hZaHgEdA_!!2109220163,1,B
O1CN01O0Uvpm2NKrqejbU0F_!!3074209945,1,B
O1CN017lHMRt1SZ84Oa7Jtq_!!4111642260,1,B
O1CN01lE3haf1vQXNvdu5Jv_!!2613416167,1,B
O1CN01ONsh2P1h9DzH7rW1D_!!2217820324234,1,B
O1CN011suxFK2HYi5yEpuJa_!!2210171069163,0,B
O1CN01V4n6gk1fE8yDiz5Zq_!!3628883974,1,B
O1CN01MnNVgv27LIPFZd81R_!!2214030717780,1,B
O1CN01XPjxQ81iF0bUQwusG_!!2214145594382,1,B
O1CN01OdhXUO1dD6rVWo3DT_!!2200535173701,0,B
O1CN01hEY8db1RAZExVjaB4_!!1916802071,1,B
O1CN01okg0u61Fpzj0mOwhv_!!3071920537,1,B
O1CN01C6bTlp2LY1vzCBiw8_!!3937219703-0-C2M,0,B
O1CN01AVTFab2JR2jRhpn0V_!!2041579417,0,B
O1CN01BTtnPD1bSYywL6qLf_!!2661163464,0,B
O1CN01d46Zoy25vMLBjm7b0_!!693907588,1,B
